,animal,criminal,mammal,no-cat,measure,relation,fish,object,bird,communication,food,all,female,mean
sow,0.0050148612411412335,0.0,0.005061179663873595,0.0,0.0,0.0,0.0,0.006720878697242326,0.0,0.0,0.0,0.0067443537009652475,0.0,0.0018108671771709538
vixen,0.04088711641269203,0.0,0.044523538285192246,0.0,0.0,0.0,0.0,0.03681585749972436,0.0,0.0,0.0,0.0368641176433376,0.0,0.012237740756995864
siren,0.021202191945116283,0.0,0.0,0.0,0.0,0.0,0.0,0.023153298332238115,0.0,0.02316469148514617,0.0,0.023185980235416084,0.019766015791756582,0.008497859829974865
amazon,0.003154817075594854,0.0,0.0,0.0,0.0,0.0,0.0,0.002761325296003695,0.0035015631496547127,0.0,0.0,0.0027850257364003773,0.0036640469195749737,0.0012205213982483547
mademoiselle,0.0463495951218063,0.0,0.0,0.0,0.0,0.0,0.0682051963689365,0.05874428117132634,0.0,0.0,0.0,0.058714590647554334,0.0,0.017847204869971035
nymph,0.027244547596270322,0.0,0.0,0.0,0.0,0.0,0.0,0.02935016970144318,0.0,0.0,0.0,0.029376479151110725,0.023301991600160086,0.00840562984992187
cow,0.013385179616605581,0.0,0.013568391635630296,0.0,0.0,0.0,0.0,0.010817391502699348,0.0,0.0,0.0,0.010986564115055672,0.0,0.0037505789899992996
hen,0.009018802114140257,0.0,0.0,0.0,0.0,0.0,0.0,0.015639905143180217,0.01112684282689606,0.0,0.012876287269269777,0.015734007849474544,0.0,0.0049535265540739115
bitch,0.11106132083581281,0.0,0.11476313806371163,0.0,0.0,0.0,0.0,0.11512537825287775,0.0,0.0,0.0,0.11591486395539889,0.0,0.03514343854675393
tigress,0.007697196980036802,0.0,0.008063733862623441,0.0,0.0,0.0,0.0,0.0070690023642925775,0.0,0.0,0.0,0.007047151626016032,0.0,0.0022982372948437578
ewe,0.007332927629640573,0.0,0.007840003395686709,0.0,0.0,0.0,0.0,0.006454374370005305,0.0,0.0,0.0,0.006483100174528347,0.0,0.0021623388899893025
doe,0.010589800653236926,0.0,0.011020372075691776,0.0,0.0,0.0,0.0,0.010343106196052448,0.0,0.0,0.0,0.010345740067997579,0.0,0.0032537706917675946
queen,0.032769505674831334,0.0,0.033322109057609975,0.0,0.0,0.04191128662102931,0.0,0.03315008295658837,0.0,0.0,0.0,0.03308615575611253,0.0,0.013403010774320887
molly,0.03350367141662458,0.0,0.0,0.0,0.0,0.0,0.06496287836699143,0.03583730203339491,0.0,0.0,0.0,0.03600438227757502,0.0,0.013100633391891226
mare,0.014258120255287053,0.0,0.015066834350811948,0.0,0.0,0.0,0.0,0.01210946831681007,0.0,0.0,0.0,0.012126048638003602,0.0,0.004120036273916359
lioness,0.03560904130036204,0.0,0.03738107488206163,0.0,0.0,0.0,0.0,0.04453040642038333,0.0,0.0,0.0,0.04457894080237155,0.0,0.012469189492706043
angler,0.0,0.0,0.0,0.0,0.0,0.0,0.0,0.0,0.0,0.0,0.0,0.0,0.0,0.0
fox,0.011994272100313263,0.0,0.012123558509512505,0.0,0.0,0.01638456268525455,0.0,0.010565116449460947,0.0,0.0,0.0,0.010713688871792375,0.0,0.004752399893564126
hound,0.004530909859697853,0.0,0.005030817937376693,0.0,0.0,0.0,0.0,0.003505617383939166,0.0,0.0,0.0,0.0034907865378673987,0.0,0.0012737024399139317
baby,0.09309262263846929,0.0,0.0,0.0,0.0,0.0,0.0,0.08576559828780209,0.0,0.0,0.0,0.08645341276596456,0.09522429972807885,0.02773353334002421
emperor,0.0031427065767037155,0.0,0.0,0.005637804978025273,0.0,0.0,0.0,0.0032008431066637396,0.0,0.0,0.005741137185313101,0.00319237977378406,0.0,0.0016088362784992224
bull,0.00413172907000827,0.0,0.0046049187375826256,0.006125513617767409,0.0,0.0,0.0,0.003951040880600445,0.0,0.005774277435165916,0.0,0.003963683123695763,0.0,0.0021962432972938793
man,0.03932957311114935,0.0,0.041303163358866024,0.04886667306704936,0.0,0.0,0.0,0.036176792902804816,0.0,0.0,0.0,0.03669010431916439,0.0,0.01556663898146415
human,0.007311771371713841,0.0,0.007205052072054025,0.0,0.0,0.0,0.0,0.007111186605232185,0.0,0.0,0.0,0.007181763399152035,0.0,0.002216136419088622
rooster,0.007634458104169955,0.0,0.0,0.0,0.0,0.0,0.0,0.005793411802579647,0.011687738817412656,0.0,0.0,0.0058113761917437945,0.0,0.002378998839685081
stallion,0.004155811779797546,0.0,0.004705619859295901,0.0,0.0,0.0,0.0,0.003100023075891386,0.0,0.0,0.0,0.0031563060741958836,0.0,0.0011629046760908244
ram,0.006105215990513529,0.0,0.006749643677062109,0.010843765680157429,0.0,0.0,0.0,0.005472022375262074,0.0,0.0,0.0,0.005653495196873062,0.0,0.0026787802246052467
buck,0.004560703919176077,0.0,0.004784595224940661,0.0,0.006567756374560903,0.0,0.0,0.004156850685612478,0.0,0.0,0.0,0.0042073741551857105,0.0,0.0018674831045750637
tiger,0.009420216389179196,0.0,0.009926044235962354,0.0,0.0,0.0,0.0,0.007992239337393453,0.0,0.0,0.0,0.008063146473111753,0.0,0.0027232035719728276
peacock,0.003851092561894793,0.0,0.0,0.0,0.0,0.0,0.0,0.003392886774838694,0.006602575691559357,0.0,0.0,0.0034641196481147206,0.0,0.0013315903597236587
boxer,0.00653574956131204,0.0,0.007317915086858972,0.0,0.0,0.0,0.0,0.005444163244101183,0.0,0.0,0.0,0.005549691463487766,0.0,0.0019113476427507663
cockerel,0.007327404803797152,0.0,0.0,0.0,0.0,0.0,0.0,0.006393206090614067,0.010546600244382356,0.0,0.0,0.006396025215803108,0.0,0.00235871048881513
lion,0.00734032052612111,0.0,0.007926774217024282,0.0,0.0,0.0,0.0,0.005877076228356213,0.0,0.0,0.0,0.0058971105156201825,0.0,0.0020800985759324452
boar,0.0045982622758081295,0.0,0.004914840505539292,0.0,0.0,0.0,0.0,0.003379846777132924,0.0,0.0,0.0,0.003468208840427138,0.0,0.0012585506460698064
murderess,0.0,0.23489435201025613,0.0,0.0,0.0,0.0,0.0,0.25460156582930776,0.0,0.0,0.0,0.2536084892358794,0.0,0.0571618774673418
henchman,0.0,0.03778563764889009,0.0,0.0,0.0,0.0,0.0,0.033890980349538545,0.0,0.0,0.0,0.03433837723487934,0.0,0.008154999633331383
murderer,0.0,0.05264149443076654,0.0,0.0,0.0,0.0,0.0,0.03359217242986517,0.0,0.0,0.0,0.03392882522159584,0.0,0.009243268621709811
hijacker,0.0,0.0,0.0,0.0,0.0,0.0,0.0,0.0,0.0,0.0,0.0,0.0,0.0,0.0
pirate,0.0,0.017357539269458794,0.0,0.01890776697710432,0.0,0.0,0.0,0.012938535506027566,0.0,0.0,0.0,0.013033099813370733,0.0,0.004787457043535493
kidnapper,0.0,0.056272322952740914,0.0,0.0,0.0,0.0,0.0,0.04791781375893623,0.0,0.0,0.0,0.04852151802792221,0.0,0.011747050364584566
mum,0.0,0.0,0.0,0.0870179927216249,0.0,0.0,0.0,0.08121499724038997,0.0,0.0,0.0,0.08130728381063941,0.0,0.019195405674819557
scouter,0.0,0.0,0.0,0.04858370141675562,0.0,0.0,0.0,0.034233298108496804,0.0,0.0,0.0,0.034447231057544256,0.039249708538296985,0.012039533778545667
stepfather,0.0,0.0,0.0,0.05029066752302042,0.0,0.0,0.0,0.039534689522064834,0.0,0.0,0.0,0.039795680996412085,0.0,0.00997084908011518
boy,0.0,0.0,0.0,0.028481622146325467,0.0,0.0,0.0,0.018128644906814956,0.0,0.0,0.0,0.01841046280685964,0.0,0.005001594604615389
sir,0.0,0.0,0.0,0.008129009228945189,0.0,0.0,0.0,0.005934490095519039,0.0,0.0,0.0,0.005951292271640155,0.0,0.001539599353546491
patriarch,0.0,0.0,0.0,0.00028182554314644333,0.0,0.0,0.0,0.00015240571986004594,0.0,0.0,0.0,0.00015425936270852103,0.0,4.5268509670385405e-05
rover,0.0,0.0,0.0,0.0009391940888581073,0.0,0.0,0.0,0.0005270634340797722,0.0,0.0,0.0,0.0005345335810744053,0.0005993802597671971,0.00020001318182919092
macho,0.0,0.0,0.0,0.0,0.0,0.0,0.0,0.0,0.0,0.0,0.0,0.0,0.0,0.0
lad,0.0,0.0,0.0,0.005325086649614985,0.0,0.0,0.0,0.0025182615066592622,0.0,0.0,0.0,0.002512638430949007,0.0,0.0007966143528633272
son,0.0,0.0,0.0,0.023127829848635637,0.0,0.0,0.0,0.01847011046292041,0.0,0.0,0.0,0.018543490176557684,0.0,0.004626263883701056
paterfamilias,0.0,0.0,0.0,0.0,0.0,0.0,0.0,0.0,0.0,0.0,0.0,0.0,0.0,0.0
boyfriend,0.0,0.0,0.0,0.1705863444837081,0.0,0.0,0.0,0.13464861884136142,0.0,0.0,0.0,0.13555656247672832,0.0,0.03390704044629214
womanizer,0.0,0.0,0.0,0.020952121065230735,0.0,0.0,0.0,0.015832003043749862,0.0,0.0,0.0,0.01601680477835654,0.0,0.004061609914410549
gentleman,0.0,0.0,0.0,0.024305105465240062,0.0,0.0,0.0,0.016191108110537627,0.0,0.0,0.0,0.01634897304777445,0.0,0.004372706663350165
gal,0.0,0.0,0.0,0.0,0.006368559640281084,0.0,0.0,0.0025810471728379314,0.0,0.0,0.0,0.002570165840677108,0.004908410581962263,0.001263706402750645
vamp,0.0,0.0,0.0,0.0,0.0,0.05334671757854884,0.0,0.08887213273934566,0.0,0.04463747069443973,0.0,0.08913474107425287,0.04538744072010132,0.024721423292822182
king,0.0,0.0,0.0,0.0,0.0,0.013913543359070473,0.0,0.009817836664612983,0.0,0.0,0.0,0.009894788757717475,0.0,0.0025866283678000713
ballerina,0.0,0.0,0.0,0.0,0.0,0.0,0.0,0.03135691261675466,0.0,0.0,0.0,0.031578274792111095,0.0,0.004841168262220442
girlfriend,0.0,0.0,0.0,0.0,0.0,0.0,0.0,0.07722937529582996,0.0,0.0,0.0,0.07725462049866955,0.07068036350962838,0.017320335331086758
actress,0.0,0.0,0.0,0.0,0.0,0.0,0.0,0.1341199045315247,0.0,0.0,0.0,0.13433057102669224,0.0,0.020650036581401302
hostess,0.0,0.0,0.0,0.0,0.0,0.0,0.0,0.1377747179244732,0.0,0.0,0.0,0.13831267999791153,0.0,0.02123749214787575
millionairess,0.0,0.0,0.0,0.0,0.0,0.0,0.0,0.0395269271213533,0.0,0.0,0.0,0.03938945615918407,0.0,0.006070491021579799
sylph,0.0,0.0,0.0,0.0,0.0,0.0,0.0,0.0,0.0,0.0,0.0,0.0,0.0,0.0
madam,0.0,0.0,0.0,0.0,0.0,0.0,0.0,0.05581021515254402,0.0,0.0,0.0,0.055887689949875426,0.05215874061296514,0.01260435736272189
enchantress,0.0,0.0,0.0,0.0,0.0,0.0,0.0,0.12936692426032484,0.0,0.0,0.0,0.1292550160265239,0.09731171498435719,0.027379511943938915
miss,0.0,0.0,0.0,0.0,0.0,0.0,0.0,0.0340042825829121,0.0,0.0,0.0,0.03433276094219936,0.0449640822720206,0.008715471215164004
courtesan,0.0,0.0,0.0,0.0,0.0,0.0,0.0,0.06530835005797894,0.0,0.0,0.0,0.06516097999521409,0.05488785978986214,0.014258245372542704
woman,0.0,0.0,0.0,0.0,0.0,0.0,0.0,0.15580678755306723,0.0,0.0,0.0,0.15599810200568853,0.15106993512841155,0.035605755745166716
skirt,0.0,0.0,0.0,0.0,0.0,0.0,0.0,0.022859414023022526,0.0,0.0,0.0,0.02438752920812577,0.024516174062396815,0.005520239791811162
comedienne,0.0,0.0,0.0,0.0,0.0,0.0,0.0,0.06735751688471873,0.0,0.0,0.0,0.06741241555758967,0.0,0.01036691788017757
duchess,0.0,0.0,0.0,0.0,0.0,0.0,0.0,0.027821112183297362,0.0,0.0,0.0,0.027792778384649105,0.0,0.004277991582149728
stepdaughter,0.0,0.0,0.0,0.0,0.0,0.0,0.0,0.054191736124898866,0.0,0.0,0.0,0.05413590007015801,0.0,0.008332895091927452
bachelorette,0.0,0.0,0.0,0.0,0.0,0.0,0.0,0.032881583399415215,0.0,0.0,0.0,0.03289677269710829,0.026322691792548775,0.007084695991467099
wife,0.0,0.0,0.0,0.0,0.0,0.0,0.0,0.032758043069017584,0.0,0.0,0.0,0.03270491292754261,0.032144651329932494,0.007508277486653283
nun,0.0,0.0,0.0,0.0,0.0,0.0,0.0,0.09537983316504405,0.0,0.10275172754877028,0.0,0.0950407217454663,0.0,0.022551714035329278
marchioness,0.0,0.0,0.0,0.0,0.0,0.0,0.0,0.01056301239698902,0.0,0.0,0.0,0.010547451265756366,0.008461250513815344,0.0022747472443508253
godmother,0.0,0.0,0.0,0.0,0.0,0.0,0.0,0.022414379522810467,0.0,0.0,0.0,0.022587753873750258,0.0,0.0034617025689662097
maid,0.0,0.0,0.0,0.0,0.0,0.0,0.0,0.08006443446126893,0.0,0.0,0.0,0.08016193478664536,0.07575000302588673,0.018152028636446233
spokeswoman,0.0,0.0,0.0,0.0,0.0,0.0,0.0,0.0527608976981043,0.0,0.0,0.0,0.05285126820343923,0.0,0.008124012761657194
tomboy,0.0,0.0,0.0,0.0,0.0,0.0,0.0,0.2966861206748987,0.0,0.0,0.0,0.2970940491657638,0.283243634037586,0.06746336952909604
doll,0.0,0.0,0.0,0.0,0.0,0.0,0.0,0.03592434172018364,0.0,0.0,0.0,0.03600867878412462,0.04416918149587741,0.008930938615398898
sculptress,0.0,0.0,0.0,0.0,0.0,0.0,0.0,0.03524632367886586,0.0,0.0,0.0,0.035271922185254476,0.0,0.0054244804510861794
lass,0.0,0.0,0.0,0.0,0.0,0.0,0.0,0.06318443785747331,0.0,0.0,0.0,0.06331874170724124,0.05141985852781082,0.013686387545578873
minx,0.0,0.0,0.0,0.0,0.0,0.0,0.0,0.015176858862684665,0.0,0.0,0.0,0.015246749984766765,0.01814159933312121,0.003735785244659434
princess,0.0,0.0,0.0,0.0,0.0,0.0,0.0,0.046496290035685874,0.0,0.0,0.0,0.04643116369334924,0.0,0.007148265671464238
poetess,0.0,0.0,0.0,0.0,0.0,0.0,0.0,0.03749721564291664,0.0,0.0,0.0,0.037644504254167176,0.0,0.0057801322997756786
seductress,0.0,0.0,0.0,0.0,0.0,0.0,0.0,0.02898994107995921,0.0,0.0,0.0,0.02898753418399224,0.0,0.004459805789534727
adventuress,0.0,0.0,0.0,0.0,0.0,0.0,0.0,0.0,0.0,0.0,0.0,0.0,0.0,0.0
waitress,0.0,0.0,0.0,0.0,0.0,0.0,0.0,0.1361030097733108,0.0,0.0,0.0,0.13589207633843794,0.0,0.02092269893167298
lady,0.0,0.0,0.0,0.0,0.0,0.0,0.0,0.03982789441660151,0.0,0.0,0.0,0.039747576272312575,0.04296941631422812,0.009426529769472477
dame,0.0,0.0,0.0,0.0,0.0,0.0,0.0,0.002701375056527825,0.0,0.0,0.0,0.002705368912343423,0.0032114470219806487,0.000662937768527069
headmistress,0.0,0.0,0.0,0.0,0.0,0.0,0.0,0.11350931006495059,0.0,0.0,0.0,0.1136587747094732,0.0,0.01747446805957106
chambermaid,0.0,0.0,0.0,0.0,0.0,0.0,0.0,0.04816552155573198,0.0,0.0,0.0,0.048134624242405104,0.0,0.0074077035229336225
diva,0.0,0.0,0.0,0.0,0.0,0.0,0.0,0.06553701134952925,0.0,0.0,0.0,0.06521578795709483,0.0,0.010057907638971084
missus,0.0,0.0,0.0,0.0,0.0,0.0,0.0,0.03705981903409102,0.0,0.0,0.0,0.037109134465106615,0.018400120785313293,0.007120698021885456
daughter,0.0,0.0,0.0,0.0,0.0,0.0,0.0,0.087463743291103,0.0,0.0,0.0,0.08743972568418648,0.0804614566064365,0.01964345581397892
niece,0.0,0.0,0.0,0.0,0.0,0.0,0.0,0.11615003525259167,0.0,0.0,0.0,0.1161712845539102,0.0,0.017870870754346298
handmaid,0.0,0.0,0.0,0.0,0.0,0.0,0.0,0.02508983027309832,0.0,0.0,0.0,0.02508135674019842,0.0,0.003859322077945903
countess,0.0,0.0,0.0,0.0,0.0,0.0,0.0,0.03248017786675093,0.0,0.0,0.0,0.03241134075309107,0.0,0.004991655278449384
stepsister,0.0,0.0,0.0,0.0,0.0,0.0,0.0,0.025374501336022967,0.0,0.0,0.0,0.025392765314768206,0.0,0.0039051743577531673
landlady,0.0,0.0,0.0,0.0,0.0,0.0,0.0,0.03869136752778085,0.0,0.0,0.0,0.038769757925291,0.0,0.005958548111774758
flapper,0.0,0.0,0.0,0.0,0.0,0.0,0.0,0.013349157668501406,0.0,0.0,0.0,0.013346905311205071,0.011453099265976728,0.002934550941975631
danseuse,0.0,0.0,0.0,0.0,0.0,0.0,0.0,0.05103645635263106,0.0,0.0,0.0,0.05118276710372145,0.0,0.007863017188950192
sister,0.0,0.0,0.0,0.0,0.0,0.0,0.0,0.09515750898491582,0.0,0.0,0.0,0.09531822178359674,0.092665575162856,0.021780100456259117
granny,0.0,0.0,0.0,0.0,0.0,0.0,0.0,0.05421819731078318,0.0,0.0,0.0,0.055468005152057666,0.04023707455333899,0.011532559770475372
mom,0.0,0.0,0.0,0.0,0.0,0.0,0.0,0.071649924896265,0.0,0.0,0.0,0.07165848394974303,0.0,0.011023723757385234
policewoman,0.0,0.0,0.0,0.0,0.0,0.0,0.0,0.05993698637153334,0.0,0.0,0.0,0.060040876963603884,0.0,0.009229066410395172
gentlewoman,0.0,0.0,0.0,0.0,0.0,0.0,0.0,0.049774322389336885,0.0,0.0,0.0,0.049837358462315934,0.0513438654766711,0.011611965102178764
coquette,0.0,0.0,0.0,0.0,0.0,0.0,0.0,0.0,0.0,0.0,0.0,0.0,0.0,0.0
masseuse,0.0,0.0,0.0,0.0,0.0,0.0,0.0,0.09196433288895442,0.0,0.0,0.0,0.09272820917941117,0.0,0.014207118620643508
grandma,0.0,0.0,0.0,0.0,0.0,0.0,0.0,0.07172867386400802,0.0,0.0,0.0,0.07189315664505366,0.0,0.011047833116081669
housemaid,0.0,0.0,0.0,0.0,0.0,0.0,0.0,0.06189063394483432,0.0,0.0,0.0,0.0618578017370879,0.0,0.009519110437070941
bride,0.0,0.0,0.0,0.0,0.0,0.0,0.0,0.02011438351956825,0.0,0.0,0.0,0.02011101389999098,0.0,0.003094261339966095
concubine,0.0,0.0,0.0,0.0,0.0,0.0,0.0,0.04584820600555906,0.0,0.0,0.0,0.045841490985709735,0.04763824880277855,0.010717534291849797
empress,0.0,0.0,0.0,0.0,0.0,0.0,0.0,0.008860087498669011,0.0,0.0,0.0,0.008806981547229514,0.0,0.0013590053112229636
stepmother,0.0,0.0,0.0,0.0,0.0,0.0,0.0,0.08423163015050339,0.0,0.0,0.0,0.08431002524813554,0.0,0.012964742722972223
mommy,0.0,0.0,0.0,0.0,0.0,0.0,0.0,0.036311136227993264,0.0,0.0,0.0,0.03653464351252378,0.0,0.005603521518501311
chit,0.0,0.0,0.0,0.0,0.0,0.0,0.0,0.0,0.0,0.0,0.0,0.0,0.0,0.0
matriarch,0.0,0.0,0.0,0.0,0.0,0.0,0.0,0.10579851443421362,0.0,0.0,0.0,0.10591851158921872,0.10231703824223111,0.02415646648197411
governess,0.0,0.0,0.0,0.0,0.0,0.0,0.0,0.151962711547839,0.0,0.0,0.0,0.1520233594736003,0.0,0.023383543924726097
witch,0.0,0.0,0.0,0.0,0.0,0.0,0.0,0.0418413858444613,0.0,0.0,0.0,0.04200200838715243,0.047000400462085555,0.010064907284130713
mother,0.0,0.0,0.0,0.0,0.0,0.0,0.0,0.11421059780165335,0.0,0.0,0.0,0.11420625582666413,0.10558057728032448,0.025692110069895538
housewife,0.0,0.0,0.0,0.0,0.0,0.0,0.0,0.10805866153008947,0.0,0.0,0.0,0.1081100864536211,0.10218746475037224,0.02448893944108329
businesswoman,0.0,0.0,0.0,0.0,0.0,0.0,0.0,0.15635289895327906,0.0,0.0,0.0,0.15625173016405552,0.0,0.02404650993210266
soprano,0.0,0.0,0.0,0.0,0.0,0.0,0.0,0.023745374527357102,0.0,0.04245241473420173,0.0,0.023810866862845927,0.0,0.006923742778800366
girl,0.0,0.0,0.0,0.0,0.0,0.0,0.0,0.09127241128326917,0.0,0.0,0.0,0.09140506984734902,0.08829569607392448,0.02084409055419559
begum,0.0,0.0,0.0,0.0,0.0,0.0,0.0,0.015016147994242253,0.0,0.0,0.0,0.0149474069150949,0.012038666621888674,0.003230940117786602
lesbian,0.0,0.0,0.0,0.0,0.0,0.0,0.0,0.015515076164943365,0.0,0.0,0.0,0.015566940551629414,0.0,0.0023909243628132907
handmaiden,0.0,0.0,0.0,0.0,0.0,0.0,0.0,0.054044054417517084,0.0,0.0,0.0,0.05429134389566928,0.0,0.008333492177937413
temptress,0.0,0.0,0.0,0.0,0.0,0.0,0.0,0.061426435030480696,0.0,0.0,0.0,0.06190107322381519,0.07588911177566891,0.01532435538692037
manageress,0.0,0.0,0.0,0.0,0.0,0.0,0.0,0.07561032583790152,0.0,0.0,0.0,0.07584503530493236,0.0,0.011650412395602605
damsel,0.0,0.0,0.0,0.0,0.0,0.0,0.0,0.011510075357828843,0.0,0.0,0.0,0.011417851407342904,0.010984903546562048,0.0026086792547487534
barmaid,0.0,0.0,0.0,0.0,0.0,0.0,0.0,0.06593561571379845,0.0,0.0,0.0,0.06607594832317251,0.0,0.010154735695151611
aunt,0.0,0.0,0.0,0.0,0.0,0.0,0.0,0.0722459722198488,0.0,0.0,0.0,0.07290473798296108,0.0,0.011165439246369991
peri,0.0,0.0,0.0,0.0,0.0,0.0,0.0,0.03182141782138968,0.0,0.0,0.0,0.03178956888647195,0.017610425423356557,0.006247800933170631
maidservant,0.0,0.0,0.0,0.0,0.0,0.0,0.0,0.14530240450016152,0.0,0.0,0.0,0.1449796802492209,0.0,0.02232939113456788
granddaughter,0.0,0.0,0.0,0.0,0.0,0.0,0.0,0.1026000398746891,0.0,0.0,0.0,0.10251773957592199,0.0,0.015778290726970085
grandmother,0.0,0.0,0.0,0.0,0.0,0.0,0.0,0.03995267309012131,0.0,0.0,0.0,0.039905512644139544,0.0,0.006142937364173911
mistress,0.0,0.0,0.0,0.0,0.0,0.0,0.0,0.10991152608885688,0.0,0.0,0.0,0.11005638425503184,0.10552514413727242,0.025037927267781625
showgirl,0.0,0.0,0.0,0.0,0.0,0.0,0.0,0.09911175637056922,0.0,0.0,0.0,0.09917966857946223,0.0,0.015253186534617803
kinswoman,0.0,0.0,0.0,0.0,0.0,0.0,0.0,0.062251142944137805,0.0,0.0,0.0,0.06176606973211924,0.0,0.00953978559048131
cyprian,0.0,0.0,0.0,0.0,0.0,0.0,0.0,0.0,0.0,0.0,0.0,0.0,0.0,0.0
widow,0.0,0.0,0.0,0.0,0.0,0.0,0.0,0.07031166018921761,0.0,0.0,0.0,0.0703666796256757,0.0669468366397185,0.015971167419585524
maiden,0.0,0.0,0.0,0.0,0.0,0.0,0.0,0.02586689068034698,0.0,0.0,0.0,0.02600605467275459,0.030424505031280937,0.006330573106490962
wench,0.0,0.0,0.0,0.0,0.0,0.0,0.0,0.0397232014113825,0.0,0.0,0.0,0.03975731724869434,0.04285424356466644,0.009410366324980253
dowager,0.0,0.0,0.0,0.0,0.0,0.0,0.0,0.004512654644503207,0.0,0.0,0.0,0.0045108734393900516,0.0055799371776378715,0.0011233434816562409
lassie,0.0,0.0,0.0,0.0,0.0,0.0,0.0,0.033118714861851827,0.0,0.0,0.0,0.03325760152186084,0.02642185913552601,0.0071383211937875906
noblewoman,0.0,0.0,0.0,0.0,0.0,0.0,0.0,0.0722096919466668,0.0,0.0,0.0,0.07211732401940583,0.0,0.011102078151236356
chairwoman,0.0,0.0,0.0,0.0,0.0,0.0,0.0,0.12365009773564427,0.0,0.0,0.0,0.12417130302723636,0.0,0.01906318467406774
heroine,0.0,0.0,0.0,0.0,0.0,0.0,0.0,0.1509682679812586,0.0,0.0,0.0,0.15121872542729978,0.14632092555756876,0.03450060915124055
heiress,0.0,0.0,0.0,0.0,0.0,0.0,0.0,0.036649191542167635,0.0,0.0,0.0,0.03655923843463448,0.0,0.00563141769052324
goddaughter,0.0,0.0,0.0,0.0,0.0,0.0,0.0,0.023440644028898238,0.0,0.0,0.0,0.02343423398878546,0.0,0.0036057598475141305
scout,0.0,0.0,0.0,0.0,0.0,0.0,0.0,0.0024768333227666154,0.0,0.0,0.0,0.002500213648739764,0.0,0.00038284976703895226
communist,0.0,0.0,0.0,0.0,0.0,0.0,0.0,0.007696501970527093,0.0,0.0,0.0,0.00772775352651005,0.0,0.0011864811920797803
prefect,0.0,0.0,0.0,0.0,0.0,0.0,0.0,0.0035565525988911495,0.0,0.0,0.0,0.003541700168182513,0.0,0.0005460194436210509
prisoner,0.0,0.0,0.0,0.0,0.0,0.0,0.0,0.017943516436439867,0.0,0.0,0.0,0.018206789274357454,0.0,0.002780792746984409
separatist,0.0,0.0,0.0,0.0,0.0,0.0,0.0,0.0,0.0,0.0,0.0,0.0,0.0,0.0
socialite,0.0,0.0,0.0,0.0,0.0,0.0,0.0,0.035517538238865345,0.0,0.0,0.0,0.035555154177483624,0.0,0.005467130185872998
newcomer,0.0,0.0,0.0,0.0,0.0,0.0,0.0,0.019777226639209687,0.0,0.0,0.0,0.019937687442872845,0.0,0.0030549933909294258
dad,0.0,0.0,0.0,0.0,0.0,0.0,0.0,0.037866759405573804,0.0,0.0,0.0,0.03801777062129998,0.0,0.005837271540528753
orthodontist,0.0,0.0,0.0,0.0,0.0,0.0,0.0,0.01589524414660513,0.0,0.0,0.0,0.01604957805017056,0.0,0.0024572940151365917
poet,0.0,0.0,0.0,0.0,0.0,0.0,0.0,0.014595410779843476,0.0,0.0,0.0,0.014719442703551978,0.0,0.002254988729491958
nephew,0.0,0.0,0.0,0.0,0.0,0.0,0.0,0.009557969191497658,0.0,0.0,0.0,0.0096081903626728,0.0,0.00147431996570542
webmaster,0.0,0.0,0.0,0.0,0.0,0.0,0.0,0.007435968631606477,0.0,0.0,0.0,0.007446950920038065,0.0,0.0011448399655111185
senator,0.0,0.0,0.0,0.0,0.0,0.0,0.0,0.01036263283262497,0.0,0.0,0.0,0.010498479959137486,0.0,0.0016047009839817274
hermit,0.0,0.0,0.0,0.0,0.0,0.0,0.0,0.002299053425378578,0.0,0.0,0.0,0.002276080025196598,0.0,0.00035193334235193664
villein,0.0,0.0,0.0,0.0,0.0,0.0,0.0,0.0,0.0,0.0,0.0,0.0,0.0,0.0
grandpa,0.0,0.0,0.0,0.0,0.0,0.0,0.0,0.0028816890248507046,0.0,0.0,0.0,0.002889920186212735,0.0,0.0004439699393125723
tzar,0.0,0.0,0.0,0.0,0.0,0.0,0.0,0.0,0.0,0.0,0.0,0.0,0.0,0.0
father,0.0,0.0,0.0,0.0,0.0,0.0,0.0,0.051450582249247416,0.0,0.0,0.0,0.051710153958630066,0.0,0.007935441246759807
danseur,0.0,0.0,0.0,0.0,0.0,0.0,0.0,0.0,0.0,0.0,0.0,0.0,0.0,0.0
valet,0.0,0.0,0.0,0.0,0.0,0.0,0.0,0.016530305406717773,0.0,0.0,0.0,0.016659693152012687,0.0,0.002553076812210036
genius,0.0,0.0,0.0,0.0,0.0,0.0,0.0,0.028569465998573938,0.0,0.0,0.0,0.029087025236935137,0.0,0.004435114710423775
dancer,0.0,0.0,0.0,0.0,0.0,0.0,0.0,0.05214777645218177,0.0,0.0,0.0,0.05262655713050166,0.0,0.00805956412174488
fisherman,0.0,0.0,0.0,0.0,0.0,0.0,0.0,0.013547296176087421,0.0,0.0,0.0,0.01368554107108426,0.0,0.0020948336343978215
millionaire,0.0,0.0,0.0,0.0,0.0,0.0,0.0,0.007642140441692133,0.0,0.0,0.0,0.007613956840706675,0.0,0.0011735459447999085
hitchhiker,0.0,0.0,0.0,0.0,0.0,0.0,0.0,0.005004756066884741,0.0,0.0,0.0,0.005027875378968278,0.0,0.0007717408804502322
novice,0.0,0.0,0.0,0.0,0.0,0.0,0.0,0.009315535578792515,0.0,0.0,0.0,0.009454223397267427,0.0,0.0014438276135430724
settler,0.0,0.0,0.0,0.0,0.0,0.0,0.0,0.0025205891750364412,0.0,0.0,0.0,0.002557714222778332,0.0,0.00039063872290882873
bondsman,0.0,0.0,0.0,0.0,0.0,0.0,0.0,0.0,0.0,0.0,0.0,0.0,0.0,0.0
kinsman,0.0,0.0,0.0,0.0,0.0,0.0,0.0,0.0,0.0,0.0,0.0,0.0,0.0,0.0
christ,0.0,0.0,0.0,0.0,0.0,0.0,0.0,0.002685456227276765,0.0,0.0,0.0,0.002739252779877266,0.0,0.0004172853082426177
nationalist,0.0,0.0,0.0,0.0,0.0,0.0,0.0,0.0030891901284535073,0.0,0.0,0.0,0.0031245695193355826,0.0,0.0004779815113683915
employer,0.0,0.0,0.0,0.0,0.0,0.0,0.0,0.01368378370290108,0.0,0.0,0.0,0.013807697957116428,0.0,0.0021147293584628853
docent,0.0,0.0,0.0,0.0,0.0,0.0,0.0,0.013056850766350896,0.0,0.0,0.0,0.013090032000495237,0.0,0.0020112986743727793
sculptor,0.0,0.0,0.0,0.0,0.0,0.0,0.0,0.013120320722660487,0.0,0.0,0.0,0.013240509337943645,0.0,0.00202775615850801
junior,0.0,0.0,0.0,0.0,0.0,0.0,0.0,0.017441495466078535,0.0,0.0,0.0,0.017677110506084896,0.0,0.002701431228627956
choirmaster,0.0,0.0,0.0,0.0,0.0,0.0,0.0,0.0,0.0,0.0,0.0,0.0,0.0,0.0
grandfather,0.0,0.0,0.0,0.0,0.0,0.0,0.0,0.006178165299046319,0.0,0.0,0.0,0.006157194312464598,0.0,0.0009488738162700706
diplomat,0.0,0.0,0.0,0.0,0.0,0.0,0.0,0.01450615884716738,0.0,0.0,0.0,0.014543969311867517,0.0,0.0022346252430026844
monk,0.0,0.0,0.0,0.0,0.0,0.0,0.0,0.0035968343639215974,0.0,0.0,0.0,0.00361443497864308,0.0,0.000554713026351129
sophomore,0.0,0.0,0.0,0.0,0.0,0.0,0.0,0.012414433364511295,0.0,0.0,0.0,0.012479305820739157,0.0,0.0019149030142500347
actor,0.0,0.0,0.0,0.0,0.0,0.0,0.0,0.017824537796694975,0.0,0.0,0.0,0.017908703087329052,0.0,0.0027487108372326176
baritone,0.0,0.0,0.0,0.0,0.0,0.0,0.0,0.003355698549504829,0.0,0.0060795497758471114,0.0,0.0033918090411231565,0.0,0.0009866967204980844
godson,0.0,0.0,0.0,0.0,0.0,0.0,0.0,0.009120515465328218,0.0,0.0,0.0,0.009205378951332863,0.0,0.0014096841858970064
waiter,0.0,0.0,0.0,0.0,0.0,0.0,0.0,0.019561549867370527,0.0,0.0,0.0,0.01976711909638282,0.0,0.003025282227981027
cook,0.0,0.0,0.0,0.0,0.0,0.0,0.0,0.019540260864939527,0.0,0.0,0.0,0.01970813235979343,0.0,0.0030191071711333046
tenor,0.0,0.0,0.0,0.0,0.0,0.0,0.0,0.001275245579148616,0.0,0.002346513589186157,0.0,0.001283379853768026,0.0,0.0003773183863155999
surveyor,0.0,0.0,0.0,0.0,0.0,0.0,0.0,0.002380018046774892,0.0,0.0,0.0,0.0023949899743838914,0.0,0.00036730830931990644
grandson,0.0,0.0,0.0,0.0,0.0,0.0,0.0,0.007543324109296437,0.0,0.0,0.0,0.0075538471821012835,0.0,0.0011613208685690554
husband,0.0,0.0,0.0,0.0,0.0,0.0,0.0,0.018456303275517366,0.0,0.0,0.0,0.018340219315202085,0.0,0.00283050173774765
philosopher,0.0,0.0,0.0,0.0,0.0,0.0,0.0,0.0039889842665656,0.0,0.0,0.0,0.004059581956930983,0.0,0.0006191204787305063
superman,0.0,0.0,0.0,0.0,0.0,0.0,0.0,0.004685660151772328,0.0,0.0,0.0,0.004808285511994224,0.0,0.0007303035125974271
imposter,0.0,0.0,0.0,0.0,0.0,0.0,0.0,0.058030784588313844,0.0,0.0,0.0,0.05856948219171632,0.0,0.00896925129077155
adventurer,0.0,0.0,0.0,0.0,0.0,0.0,0.0,0.01071518441521539,0.0,0.0,0.0,0.010834282944771088,0.0,0.0016576513353835755
chairman,0.0,0.0,0.0,0.0,0.0,0.0,0.0,0.006792178739889527,0.0,0.0,0.0,0.006863311594843829,0.0,0.0010504223334410273
manager,0.0,0.0,0.0,0.0,0.0,0.0,0.0,0.011732958851585406,0.0,0.0,0.0,0.011830209598754575,0.0,0.0018125514192569219
headmaster,0.0,0.0,0.0,0.0,0.0,0.0,0.0,0.005161486794962746,0.0,0.0,0.0,0.005214925790954539,0.0,0.0007981855835320988
god,0.0,0.0,0.0,0.0,0.0,0.0,0.0,0.010036859971006977,0.0,0.0,0.0,0.010137367892694552,0.0,0.0015518636818231946
master,0.0,0.0,0.0,0.0,0.0,0.0,0.0,0.017563028148795654,0.0,0.0,0.0,0.017734904949144013,0.0,0.002715225622918436
czar,0.0,0.0,0.0,0.0,0.0,0.0,0.0,0.004880130774679854,0.0,0.0,0.0,0.00489875200911064,0.0,0.0007522217525992687
policeman,0.0,0.0,0.0,0.0,0.0,0.0,0.0,0.026588049141679313,0.0,0.0,0.0,0.026875213085400442,0.0,0.0041125586328522885
prince,0.0,0.0,0.0,0.0,0.0,0.0,0.0,0.010026574444923504,0.0,0.0,0.0,0.010107981977099051,0.0,0.0015488120324632733
homeboy,0.0,0.0,0.0,0.0,0.0,0.0,0.0,0.0,0.0,0.0,0.0,0.0,0.0,0.0
pathologist,0.0,0.0,0.0,0.0,0.0,0.0,0.0,0.011899889893329317,0.0,0.0,0.0,0.012043435764894691,0.0,0.0018417942814018468
scorer,0.0,0.0,0.0,0.0,0.0,0.0,0.0,0.0037650216251684694,0.0,0.0,0.0,0.003815081272412931,0.0,0.0005830848382754923
leader,0.0,0.0,0.0,0.0,0.0,0.0,0.0,0.01692718388216305,0.0,0.0,0.0,0.017117739643930978,0.0,0.002618840271238002
biologist,0.0,0.0,0.0,0.0,0.0,0.0,0.0,0.005968553200439323,0.0,0.0,0.0,0.006074052847783941,0.0,0.0009263543114017894
driver,0.0,0.0,0.0,0.0,0.0,0.0,0.0,0.007110974557327411,0.0,0.009598006848036342,0.0,0.007153353472218779,0.0,0.0018355642213525025
liberal,0.0,0.0,0.0,0.0,0.0,0.0,0.0,0.005521748084291615,0.0,0.0,0.0,0.005533990930883136,0.0,0.0008504414627057502
pioneer,0.0,0.0,0.0,0.0,0.0,0.0,0.0,0.018581509397300598,0.0,0.0,0.0,0.01879200775788566,0.0,0.002874885935014328
guard,0.0,0.0,0.0,0.0,0.0,0.0,0.0,0.009293853571211779,0.0,0.0,0.0,0.00940057942265058,0.0,0.0014380333072201814
sidekick,0.0,0.0,0.0,0.0,0.0,0.0,0.0,0.034110366693748326,0.0,0.0,0.0,0.03461005142250556,0.0,0.005286186008942607
hematologist,0.0,0.0,0.0,0.0,0.0,0.0,0.0,0.0,0.0,0.0,0.0,0.0,0.0,0.0
godfather,0.0,0.0,0.0,0.0,0.0,0.0,0.0,0.003059566723784516,0.0,0.0,0.0,0.0030672017693796146,0.0,0.0004712898840895485
bassist,0.0,0.0,0.0,0.0,0.0,0.0,0.0,0.001555982125445341,0.0,0.0,0.0,0.0015734270519356193,0.0,0.00024072378287545848
federalist,0.0,0.0,0.0,0.0,0.0,0.0,0.0,0.0016610197228898098,0.0,0.0,0.0,0.0016679191138366202,0.0,0.0002560722182097254
hippy,0.0,0.0,0.0,0.0,0.0,0.0,0.0,0.008212092553843878,0.0,0.0,0.0,0.008167928448692572,0.0,0.0012600016155797271
daddy,0.0,0.0,0.0,0.0,0.0,0.0,0.0,0.006382807966226381,0.0,0.0,0.0,0.00643873703574697,0.0,0.0009862726924594887
spokesman,0.0,0.0,0.0,0.0,0.0,0.0,0.0,0.004200651095256429,0.0,0.0,0.0,0.0042373105330136525,0.0,0.0006490739714053909
assistant,0.0,0.0,0.0,0.0,0.0,0.0,0.0,0.018934148865292766,0.0,0.0,0.0,0.019068770982299796,0.0,0.0029233015267378895
idiot,0.0,0.0,0.0,0.0,0.0,0.0,0.0,0.03398489020933958,0.0,0.0,0.0,0.03681275120223864,0.0,0.005445972416275247
duke,0.0,0.0,0.0,0.0,0.0,0.0,0.0,0.007696457712978092,0.0,0.0,0.0,0.007730838368856772,0.0,0.0011867150832180664
brother,0.0,0.0,0.0,0.0,0.0,0.0,0.0,0.019995113674019616,0.0,0.0,0.0,0.020080656739100984,0.0,0.0030827515702400465
tsar,0.0,0.0,0.0,0.0,0.0,0.0,0.0,0.0029914612045563132,0.0,0.0,0.0,0.0029959232770815384,0.0,0.0004605680370490655
masseur,0.0,0.0,0.0,0.0,0.0,0.0,0.0,0.0,0.0,0.0,0.0,0.0,0.0,0.0
freelancer,0.0,0.0,0.0,0.0,0.0,0.0,0.0,0.048817694539050424,0.0,0.0,0.0,0.04923512878623748,0.0,0.0075425248711759926
steward,0.0,0.0,0.0,0.0,0.0,0.0,0.0,0.0021942637291545563,0.0,0.0,0.0,0.0022010301755151567,0.0,0.0003380995311284395
inmate,0.0,0.0,0.0,0.0,0.0,0.0,0.0,0.00885333453826239,0.0,0.0,0.0,0.00898761230606464,0.0,0.0013723805264866944
concierge,0.0,0.0,0.0,0.0,0.0,0.0,0.0,0.01255570147288188,0.0,0.0,0.0,0.012661659080684135,0.0,0.001939796965658924
neurobiologist,0.0,0.0,0.0,0.0,0.0,0.0,0.0,0.03169500478774542,0.0,0.0,0.0,0.031504635629128794,0.0,0.004861510801298017
groom,0.0,0.0,0.0,0.0,0.0,0.0,0.0,0.005089288280274699,0.0,0.0,0.0,0.005128656575645007,0.0,0.0007859957581476697
countertenor,0.0,0.0,0.0,0.0,0.0,0.0,0.0,0.0,0.0,0.0,0.0,0.0,0.0,0.0
friar,0.0,0.0,0.0,0.0,0.0,0.0,0.0,0.0009464438788009661,0.0,0.0,0.0,0.0009474203718922479,0.0,0.00014568186543793954
lover,0.0,0.0,0.0,0.0,0.0,0.0,0.0,0.09493082312947797,0.0,0.0,0.0,0.0959840937999094,0.0,0.014685762840722105
twin,0.0,0.0,0.0,0.0,0.0,0.0,0.0,0.015111183666699135,0.0,0.0,0.0,0.015355788873751636,0.0,0.002343613272342367
father-in-law,0.0,0.0,0.0,0.0,0.0,0.0,0.0,0.01499271617565262,0.0,0.0,0.0,0.015073733712742092,0.0,0.002312803837568824
batman,0.0,0.0,0.0,0.0,0.0,0.0,0.0,0.004545877837962845,0.0,0.0,0.0,0.004648749883256362,0.0,0.0007072790554784005
ally,0.0,0.0,0.0,0.0,0.0,0.0,0.0,0.007716806841460518,0.0,0.0,0.0,0.007709405662722429,0.0,0.001186631731090996
comrade,0.0,0.0,0.0,0.0,0.0,0.0,0.0,0.0,0.0,0.0,0.0,0.0,0.0,0.0
psychologist,0.0,0.0,0.0,0.0,0.0,0.0,0.0,0.016854694406753874,0.0,0.0,0.0,0.01700902963300355,0.0,0.0026049018492121097
trafficker,0.0,0.0,0.0,0.0,0.0,0.0,0.0,0.0,0.0,0.0,0.0,0.0,0.0,0.0
fiance,0.0,0.0,0.0,0.0,0.0,0.0,0.0,0.06293927734209548,0.0,0.0,0.0,0.06329781972934391,0.0,0.00971054592857226
founder,0.0,0.0,0.0,0.0,0.0,0.0,0.0,0.029005052304138714,0.0,0.0,0.0,0.029273472140434603,0.0,0.0044829634188133325
uncle,0.0,0.0,0.0,0.0,0.0,0.0,0.0,0.01980305178582282,0.0,0.0,0.0,0.019910270860388164,0.0,0.00305487097278546
refugee,0.0,0.0,0.0,0.0,0.0,0.0,0.0,0.007677628496440166,0.0,0.0,0.0,0.00762746507879626,0.0,0.001177314890402802
lifeguard,0.0,0.0,0.0,0.0,0.0,0.0,0.0,0.034752178173368065,0.0,0.0,0.0,0.034824441731629595,0.0,0.00535204768499982
monastic,0.0,0.0,0.0,0.0,0.0,0.0,0.0,0.006243176831616824,0.0,0.0,0.0,0.006320496528130746,0.0,0.0009664364122882746
suitor,0.0,0.0,0.0,0.0,0.0,0.0,0.0,0.05154667680232326,0.0,0.0,0.0,0.05197797979429366,0.0,0.007963435122816685
cofounder,0.0,0.0,0.0,0.0,0.0,0.0,0.0,0.04024229753693469,0.0,0.0,0.0,0.04034757968498618,0.0,0.006199221324763144
businessman,0.0,0.0,0.0,0.0,0.0,0.0,0.0,0.008547038083489363,0.0,0.0,0.0,0.008560565632560534,0.0,0.001315969516619223
hero,0.0,0.0,0.0,0.0,0.0,0.0,0.0,0.015285080830650522,0.0,0.0,0.02209387277056687,0.015464332335574236,0.0,0.004064868148983972
heir,0.0,0.0,0.0,0.0,0.0,0.0,0.0,0.007719954271611459,0.0,0.0,0.0,0.007746816742829247,0.0,0.0011897516164954389
ms,0.0,0.0,0.0,0.0,0.0,0.0,0.0,0.0,0.0,0.038315296095178704,0.0,0.03280447225079502,0.0,0.0054707514112287475
ogress,0.0,0.0,0.0,0.0,0.0,0.0,0.0,0.0,0.0,0.0,0.0,0.2325181127047395,0.20202778430870527,0.03342660746257267
goddess,0.0,0.0,0.0,0.0,0.0,0.0,0.0,0.0,0.0,0.0,0.0,0.026139683614234816,0.02838046272881547,0.004193857411003869
cinderella,0.0,0.0,0.0,0.0,0.0,0.0,0.0,0.0,0.0,0.0,0.0,0.033518983129939534,0.03425508843157814,0.005213390120116744
superwoman,0.0,0.0,0.0,0.0,0.0,0.0,0.0,0.0,0.0,0.0,0.0,0.0,0.0,0.0
batwoman,0.0,0.0,0.0,0.0,0.0,0.0,0.0,0.0,0.0,0.0,0.0,0.03284007671166533,0.03433345439907717,0.0051671947008263466
mrs,0.0,0.0,0.0,0.0,0.0,0.0,0.0,0.0,0.0,0.0,0.0,0.058847593491606495,0.058320717828219445,0.009012947024601996
mister,0.0,0.0,0.0,0.0,0.0,0.0,0.0,0.0,0.0,0.0,0.0,0.005658907833741015,0.006253776236287794,0.0009163603130791392
robert,0.0,0.0,0.0,0.0,0.0,0.0,0.0,0.0,0.0,0.0,0.0,0.012001557844641084,0.013202125704314907,0.00193874488838123
